Date,HRV,HR,BreathingRate,EDA,SkinTemp,Steps,ActiveMinutes,SleepHours,SleepInterruptions,StressScore
2024-07-08,46.69518296637215,83.75481208243677,14.932565079314609,0.721788115146123,36.51796315073842,5708.236028931561,33.60287168163089,6.072437203576399,3,51.39166098040012
2024-10-02,55.311784013404136,75.81360880089883,14.527385138227336,0.6283550865824399,36.34701402590422,-5980.582410398502,44.44686991029109,7.055859065233411,2,39.507669569043706
2024-10-21,59.911139749504294,67.91338925334321,13.136423805312088,0.7168652756216423,37.07772276645353,8027.368700263792,45.01912338670535,6.519541165130338,2,38.215625216762646
2024-12-06,58.4788608862809,,14.261741032181614,0.5600826195961237,36.56143127344252,6728.7235905358375,58.07580604823719,7.7927806785685405,0,
2024-09-23,63.23070469523216,72.4154076947151,12.386065596796355,0.38902646662111184,36.583636919506546,8542.773087214757,80.48741309375143,8.198773888708434,1,23.069130405196585
2024-10-25,67.26031838745705,70.34988614576852,12.74099142859692,0.5383626196766799,36.40690736388001,6651.107817407569,58.97926555103938,7.854791866169187,2,30.015708606135167
2024-01-03,51.57027111499045,70.93438393551894,15.051296800935853,0.5282956659744369,36.65394130429253,4758.281365828222,55.289227106274254,6.834896627570859,0,30.61855604314497
2024-07-18,53.950733572932364,79.94887634649012,16.001652760580033,0.6952637849089478,36.453353567016926,-8194.391769567641,33.8708991823132,6.614127625988772,2,44.7779798660808
2024-04-30,48.658481362308514,75.32103009142992,14.125966017030223,0.35605062125056886,36.74623768606128,7600.603648571727,77.97302486157422,7.565635451967816,1,29.793289769570983
2024-03-03,70.3774121406347,66.4842278268361,13.54683133590839,0.7873115657360988,36.66580263063836,3772.1042755160074,43.48374457525373,6.307756093633821,2,38.06417898329934
2024-05-24,45.32069671212122,75.03899362504042,14.765133381910728,0.8581677618678946,36.66348715159478,6249.774509966145,36.69208622093336,6.412192970487807,2,47.88766967460927
2024-05-23,51.81655979157974,78.24095937047342,14.813354716224723,0.8514678786333082,36.68641816389979,5875.2499578616125,44.38970536183417,7.141992406770164,1,41.358064941401615
2024-09-12,51.39932888195688,71.7157431373347,13.733064508586835,0.44136390953623067,36.537590240557066,7953.46159333787,70.41292725786386,7.263409933953679,0,26.401741607879135
2024-09-22,55.12910336867603,75.52433836193079,13.946120991338468,0.345490286649042,36.64142790601833,7451.413457167972,80.62994880569653,7.314362325471728,0,24.514144069721866
2024-09-04,58.265308841773376,70.90829966689421,14.691725807926963,0.6209222319226465,36.51958350681982,6864.637693522873,52.04807521067072,6.834722041476899,0,30.526425692359616
2024-02-12,59.837067636578745,66.2342492618659,12.588121114250074,0.43779203224466956,36.591311526532785,7224.3739530243465,70.67016757411878,6.655030972397467,0,23.337339941232596
2024-08-07,43.96515415009074,78.41227598032296,11.878315041075323,0.372021856381797,97.6022468843021,7943.322202676508,80.1242656606124,7.681115441667625,1,28.525668472803257
2024-07-02,50.00305638459603,82.07811108918621,16.10509532550623,0.5979225362772731,36.55479025780945,6512.079237439478,58.822731003019214,7.04529405966888,1,39.26881530887442
2024-03-20,62.17324071773078,,12.954912865313807,0.2417799962131753,36.528235526360994,8717.926789260997,86.25522320086586,7.710839910880768,0,
2024-09-26,,74.45660526864924,13.378990309995666,0.4696949981828717,36.99636587798078,8385.99607028251,66.44807560767609,6.836825785720067,1,31.14775958642452
2024-11-02,61.247639889405164,70.38806443884363,15.145781798308514,0.22333266333241378,36.49568092213719,8580.06841548112,72.950001821026,7.532841351883647,3,32.87928945362803
2024-09-03,56.7634556150348,75.28050129885567,14.990501230898554,0.7341282517140482,36.62919723108975,5470.5489329227685,42.380087201642645,6.636051308411134,1,38.733433754430955
2024-06-18,50.01319076935132,81.81579949778474,13.449099729037528,0.2652070021901879,36.83632521274203,7899.695001854042,78.94909635882007,7.030935168680883,1,29.143854260798566
2024-03-28,62.97286825386343,65.79524728387976,14.08452437019033,0.514364076115644,36.648210034675074,7523.014318728175,67.10422879689303,6.878722176177099,2,33.553087911219095
2024-12-24,53.30423674177502,74.23937019527152,11.441385684007237,0.27385089527643436,36.65619263757533,8696.138609513133,66.23417916873433,7.600753938505365,2,27.365315181984663
2024-04-29,52.40104624380561,76.65441611017968,11.91814163891464,0.3718238296455712,36.3796899835381,7675.541221223325,80.12968204614255,7.613816870812851,1,26.549228333907294
2024-09-20,49.15899466823066,78.12306166301929,13.432148000116978,0.3374320672798142,36.47658692276192,8607.566854951043,80.38475026170472,6.90245358839765,0,26.37220812360625
2024-05-28,50.014488732353286,81.24054054342113,16.18562797819052,0.788139512364514,36.17102877254987,6503.113992232902,27.626790352915734,6.630675691861673,2,47.93672987354036
2024-11-19,62.25534609558967,68.4958485775155,17.362384109326147,0.6666159898362024,36.22411652690033,5924.656095942402,38.81290052513074,6.546644841968162,0,34.23387708944115
2024-10-07,58.1324944810056,72.11189280305958,16.030381307826477,0.6856998196015618,36.547572850084926,4404.99521093634,25.317613848762097,7.180130378795077,3,45.048197177585976
2024-04-12,54.71463031250012,67.8036733237187,16.667528949829013,0.8056141391148142,36.75375483612649,5887.955216927373,26.89129693976552,6.503253055789388,1,41.74035622385668
2024-06-14,54.90603408005554,84.34251709310837,12.387920856661028,0.41652986673994924,36.398147818142824,9220.692810181781,82.37990541804605,8.05739176080441,2,31.910958153835903
2024-09-05,58.12336923776052,77.26730888191383,12.853671617716635,0.6226328501403539,37.07859270914974,5101.179061031932,38.4069580804476,6.695648935973816,0,29.652976813133485
2024-04-18,49.10430661650683,69.21711354111511,11.910708461159487,0.7425836270279291,36.5734852909754,6010.687480544578,33.32621506900939,6.4282261410925114,1,35.94962901143161
2024-02-23,61.76147427443208,69.08002192957261,15.325478564430645,0.7914892371983986,36.80891090108276,,39.276982586531936,7.196311386436021,3,44.867901434516575
2024-09-24,57.53465382691551,68.79424619157172,12.314394771389631,0.31406905161314236,36.44143050771129,5876.499317882743,74.71964216745627,7.402851293279763,0,19.829161862415383
2024-11-05,61.93661930489896,65.03469566211717,13.006235350244173,0.3433690151604856,36.88593658000517,7513.246390218892,77.7740427581492,,0,20.55567523063046
2024-01-01,64.83442931062407,73.63572872980197,13.138973853368052,0.5033605972108159,36.534228786595946,6391.597677433337,49.66572931294137,7.285187164947728,1,28.211322913736844
2024-01-12,56.611084667393456,69.15937442458066,15.221909015937545,0.7992651532975011,36.29545610395226,6689.335883298341,37.67555874647615,6.290152414735686,2,44.02969824384828
2024-07-09,48.02701728794762,82.55510892278461,14.621124666115406,0.790109124039174,36.40073607606972,5266.92834374499,34.795628031097884,6.585266632622865,1,42.71603375771596
2024-03-18,65.26790664085291,72.22392658149046,11.528267931641814,0.34253612922015503,36.67187285780924,8038.39754610868,67.09896412174638,7.876743851997912,1,21.250001744822697
2024-06-30,41.99837019170264,85.2222334044857,13.559483881014472,0.4559359079635611,36.57141474105905,7910.745947409925,60.948205550037514,7.796962696272066,0,29.793089843424337
2024-12-29,51.26927200567293,76.70041120230378,14.530317777622528,0.48943762250641093,36.843079014948295,7187.452464896838,70.10673665489699,7.432231923121151,1,32.954089505337606
2024-02-17,62.34814257381297,68.87882145746906,14.777211819115184,0.5830102073398913,36.55880516820514,6478.448500378892,52.91857699437399,7.8900976738533295,1,30.293961125275814
2024-02-16,58.75019206240053,71.14364058886827,10.729915843049643,0.6500255367424276,36.62724388297157,7085.0238743763175,46.91956129633115,7.206861374859594,1,29.075119358390154
2024-07-23,46.77999891881706,78.81530620341012,14.38175652658974,0.5629129134416472,36.67248254694531,6858.549017184337,58.7531193068335,6.4132223357479745,1,37.84060796922813
2024-06-19,46.518430394436514,80.08960392729166,12.831034299869252,0.3757351572466124,36.31347538611693,7209.553546962756,90.97044416286744,8.138129958128502,0,24.573235847016036
2024-06-07,52.10307222484588,79.482746994007,12.610096061653213,0.5270998255428974,36.3774177433811,6805.672022657381,58.86560522586113,,1,32.47933996046229
2024-10-23,65.8473584436869,68.37336656355238,12.746702743692632,0.49912457766425866,36.4987225365706,7660.550670118201,53.640923928684465,7.634694498305198,0,21.67766434764247
2024-01-19,,75.88943830958708,13.306628931064816,0.7097987770057268,36.65818159153978,5885.262993591104,43.898006056822936,6.165104272560662,1,37.59146264659101
2024-10-17,68.17361358238166,68.14507810953174,14.145211528313022,0.7514435985477205,36.70220919215024,4462.533437141847,27.777697845909174,7.134576264759381,3,41.08949824688244
2024-03-15,-59.837067636578745,69.37837672229844,11.875194906817256,0.36197328808538115,36.66101228456881,8540.085269172856,72.5503237528164,8.720993324856723,0,43.243296515946305
2024-06-09,43.413028448646415,81.21637397279507,15.09934869819213,0.4222621719490219,36.60164117303321,7874.489137594799,54.453977670912856,7.512821834485186,0,30.7142697671637
2024-04-21,59.40634617764091,74.33896589725227,13.897019629219475,0.6666557491362379,36.58478206998046,7724.978196447655,44.624808309858025,6.883271466673959,1,34.66766097645178
2024-07-27,54.534305385383796,78.56227666022181,14.160476383934395,0.5009493718049485,37.18910158028147,7221.496935802361,72.8135407243101,7.356183138819565,0,28.48766644386613
2024-10-03,60.719088567023654,72.18219676929195,15.09726859024851,0.6084666811822144,36.63206840825314,6100.713515054343,45.018445174002174,7.229754826211844,1,33.62491810702864
2024-10-11,56.793077971623084,70.6421807120175,16.19857198102422,0.8379115539675911,36.384360983061406,,33.866854613121276,6.414506584517702,2,46.02557554315044
2024-03-30,-62.25534609558967,69.24468574332376,14.265767178197247,0.4132880336163585,36.538047137969876,6452.653790602295,64.57144535612831,7.089368233369552,0,51.47486746539858
2024-03-16,62.263041817259875,70.98256874554215,12.65794163154329,0.34273411485618155,36.76572204090527,8327.085189642452,84.57491748339113,7.412360808586582,1,24.18180581363984
2024-11-25,64.07530372801777,68.47201840381288,14.57434534401759,0.7691830274661535,36.487513388076756,5561.981756921771,22.70402064370345,6.45305222867532,2,40.461991085982646
2024-02-28,61.34251013282054,73.75701480023056,14.707189756035444,0.7551229587008518,36.564972001546224,5213.956986212856,35.79287688649568,6.995455479659921,2,40.71271423643227
2024-08-18,48.18575810505509,78.46638921748928,12.442252566881649,0.6895263943613066,36.79706870552482,7589.350477083579,42.80438863484448,7.264979022492156,2,39.60558565072549
2024-04-20,58.88811441862241,69.38161677042379,15.654594796391814,0.6470149265002438,36.44403534415683,4700.771909156896,28.301234689691753,7.022581074794536,0,31.47489924734561
2024-06-06,50.403662164648125,79.81420583457773,12.748156988110512,0.5646651722141641,36.50982179772435,6475.833114393415,42.593605100006634,7.599680575534868,2,36.52436163665165
2024-01-21,62.345171973151444,70.94380627921673,15.010804670136288,0.5886366768630638,36.28379944687914,,44.218989607187105,6.62165103184837,4,45.87309463453773
2024-01-02,,70.42028756253568,13.574751878049934,0.5717521101445627,36.52474671195525,6388.410895537589,56.98450842932802,7.294457031030373,2,35.71006593734577
2024-08-30,57.073607071261165,258.0,15.788726850350132,0.69976833473447,36.58535324259623,5147.222114725583,35.574390803426006,6.300876492062513,1,72.64258976192959
2024-10-22,62.80680867283603,66.90771137703935,15.3148535894202,0.6045096880371705,36.96348037128055,-6218.2440040676765,50.541085880603944,6.750948430989703,1,33.47330701865548
2024-10-04,58.45186848708504,68.57159533801283,15.685558190386992,0.6951088506059788,36.665176079180135,6428.026983416968,40.369246136520815,7.091011518120459,1,36.27665341344126
2024-05-30,49.84717640640779,82.71167941313215,14.48600636845158,0.7941054942252473,36.36036694605911,5909.174684366927,25.40126643807592,6.8106783449805945,2,45.75214928948877
2024-06-05,47.05444074928778,80.42259649662878,17.253815172744854,0.6616421722209003,36.56032414609713,7271.220767513367,40.74230828207382,6.476822878300492,1,43.637883241275105
2024-03-08,64.51584138742693,69.22182176682311,15.327143546800006,0.48419435272400313,37.06970025642151,6680.964004879232,40.76745353911868,7.300977173931697,0,25.913466695464574
2024-06-24,42.46924911160225,79.80231300458274,15.531137292019872,0.35661937028090346,36.88446406705317,7029.436788634749,67.96771201293716,8.098090298848376,3,40.62824876404987
2024-04-24,60.15255842153239,77.21412718853396,14.222393552372084,0.5937377281358266,36.487767502864436,6717.988563016158,59.02102345411986,7.58205663426504,1,32.44832162661614
2024-07-01,43.473050696230636,81.60131913932226,13.749554814738975,0.5346828512363954,36.528176033090354,7021.442277044753,64.2934394421523,7.0551791656052725,2,40.27085041146424
2024-07-21,46.50317426119536,82.47551579215647,13.419883142585176,0.6805411386417123,36.764451021557704,5700.259301669847,50.31499807139028,6.633075137434852,1,39.17880006096349
2024-03-05,64.49449391585064,69.1316819680898,14.570469526436476,0.6083219676498681,36.32891143244628,6308.18033621988,40.65739926192807,6.336242985611722,0,29.52322926178801
2024-05-04,55.60769691465561,73.6487681221395,12.516325011718267,0.3498628844477389,36.72748120214034,9546.112165957116,76.9389730409131,7.627640464852687,0,21.610756122273486
2024-05-01,51.966919439812706,69.31601263196748,11.653148335861115,0.3839557705973102,36.84025955712305,7305.65440225625,81.1928573424206,,0,22.572368245561005
2024-10-16,58.73253664693544,69.31209712520142,14.383641179260332,0.8518995033625081,36.828862645213874,4630.386580051943,37.95076731547138,6.8799748178811795,1,38.255798421160456
2024-01-29,66.91148703639787,68.20468482407969,11.104196385913516,0.4269849697889065,36.85231710439743,7922.64306602255,67.92908513049588,7.85512640391454,2,25.35019272918052
2024-02-22,64.35380163486268,70.45539922426464,14.534319884451602,0.7200635693946403,36.79827696067443,7652.292230409284,35.260224423089035,6.84723116450063,2,38.85611417647635
2024-02-07,58.00297023736251,68.8798409323386,12.520529011195467,0.2488871226857988,36.5118576232093,8493.10845740159,77.33449832470123,8.194835822673069,0,16.963509273990525
2024-01-04,60.35938248327136,77.70108189042256,15.418966770538255,0.6930432251741594,36.69278174709099,7112.62799772687,45.51616285791114,6.883231746640168,4,49.56954205653091
2024-10-28,63.55458518286854,62.81640918661962,12.87150798950616,0.41077085037040756,36.814425944504876,9313.796411624047,74.5913720287657,7.033532891777486,1,24.899549945216144
2024-02-24,67.61207602393509,65.51795998843463,14.671139012033905,0.7340471107611347,36.21758087296823,5752.484177063136,34.376108330504664,7.524213196569742,1,32.21872997106585
2024-06-26,42.662994270156965,80.4784229408811,11.70526440967382,0.4502532582417241,36.34874507617732,9091.976756747104,70.24821906366817,7.291678355349983,1,31.380473905564546
2024-05-12,50.354129133490545,78.58319649657358,14.305240159569442,0.40393464155886394,36.48917526281789,7986.079159509733,60.49806996473734,7.63006641509429,0,27.056425885425437
2024-08-10,53.37397221616236,76.41457076363156,12.173270591803707,0.3581615379758039,36.67243642514141,9825.966139325288,64.95644021570158,7.80607564726673,3,33.927464954772056
2024-07-05,-57.335725731244665,75.01942383129555,14.26599520129529,0.6344761745447633,36.69797789979862,,38.245498770892794,6.481761986000722,1,61.192796833884586
2024-08-12,45.66307986116295,77.10663009886972,12.613639067731706,0.3251383282566289,36.91211487987668,7087.242991174597,64.03293479451636,7.03679753177892,1,29.35285863161087
2024-05-08,44.86335713982573,74.93004309059896,10.955554314626854,0.30115071552248884,36.26429351223297,7768.151905907479,75.39950912438448,7.449020183137144,1,25.594859702109122
2024-02-11,61.24344992882397,69.84679306779437,12.736000576722434,0.4113413569604277,36.35411255417579,6679.588002976239,62.75257519314171,7.459928892516442,2,29.570648093273256
2024-05-09,55.42783450450529,84.68518878691299,13.665109533998196,0.25237205926245665,36.44762273337559,7260.504571728447,70.35384872648804,7.311057054411857,1,27.87696845039388
2024-07-26,53.50010928614542,75.08823752597422,14.055172133168405,0.45653323522374256,36.64531009711497,8265.118188142585,69.57095423005077,7.931756583117224,1,29.798382706459254
2024-09-19,63.81941755581405,71.05741359388263,13.5695353059988,0.28897345990337486,36.45884824739367,8133.281599598845,82.36757999804996,7.568732951217145,0,19.618715187808004
2024-03-02,62.84801341753214,71.36373851275788,15.23526338092132,0.7146814649798248,36.71931060773408,6423.664767727548,33.64831164408577,6.494945925196179,3,44.929500639801965
2024-12-03,66.04945302231468,69.04239990316415,14.079685706437612,0.6909416248807971,98.18274614219072,5467.847687806928,49.056071514587366,6.345480294181581,1,34.159119586445684
2024-07-22,56.5372387576932,83.78939090209657,13.659167834765794,0.5648100017453693,36.362203584939614,7594.058606088906,49.35086984570337,6.64714446206983,2,39.17329823923417
2024-05-14,52.41381794139175,227.0,11.639285623355669,0.45246684624563593,36.57620045022725,6469.8643830504925,59.520292138621656,6.686704767440574,5,72.89861779979964
2024-10-27,64.47267469432765,65.4365865574562,13.621987884989464,0.44243933326081897,36.85154514763617,8135.796141749543,71.37617580910023,7.323642952933731,1,26.139953566838507
2024-03-07,60.63397242501068,67.81687648664698,14.741847407760554,0.5929996229828822,36.783986518635864,8195.46628202416,52.469372497854984,7.561959885684864,0,27.355646175333767
2024-06-16,45.793735197826486,83.54042156697905,13.823418557156602,0.3001591287530504,36.33236856258631,7796.465188751054,79.02590092356759,7.700015282250221,0,26.096247216948505
2024-12-05,62.39730169183535,205.0,15.149811583142743,0.5813178465560531,36.787325799192146,6466.054636156309,53.59738410903389,7.308815245172559,1,56.51431207762323
2024-05-07,-65.8473584436869,78.2805315175566,13.36761646830728,0.3104188745923865,36.78675050895713,9878.210055333668,91.83742460896798,7.75626556321198,1,53.19940919235214
2024-10-30,68.16337270016672,,12.44378317713254,0.36001011570446667,36.77568597379557,7052.77226942792,81.45356527422562,8.630510195980012,1,
2024-07-14,50.802865932204966,85.96204732665088,14.175685880313269,0.7294713677745057,36.556498098782924,7038.172833966251,35.015398198327176,6.899311050844502,2,44.235872701751525
2024-12-04,63.57659710329146,69.83518385414577,14.050552669882663,0.6643361932012508,36.41796894772919,6001.262948191327,34.613306329298865,6.68386370145828,1,33.53142392268638
2024-07-11,45.713676496357174,79.55240949946892,14.29843837337321,0.7751832657463575,36.77864467532385,,32.238404173961186,6.838257682064998,1,41.40989318047515
2024-08-04,49.20494124157645,81.77928357528397,12.679781366376588,0.37518686545599556,36.688154293601414,7424.678427435175,89.95071950439399,7.939906740413601,2,32.51484222690385
2024-12-01,58.89687702647644,71.66737549228924,15.51341510677097,0.7249155227573696,36.14883380476095,7602.36495179019,27.342848705892504,7.5277930338438575,2,40.14742006228042
2024-01-27,57.96713357329713,,14.180440923897251,0.5315277946592494,36.39068965025219,7779.191880129653,64.51671213252038,7.189736852001211,1,
2024-09-27,64.49019415603102,74.38258998750996,13.840620895814565,0.48689464057649806,36.56443653338541,8286.97774294273,63.21773885857674,7.8044264003459265,1,27.861985378752824
2024-03-01,64.5834167060229,73.39256479618254,16.522772533489984,0.7932592922355296,36.798452691522705,6155.0799669365915,26.023125558402114,6.405820178453021,1,40.35429573363874
2024-09-18,61.809534993447166,75.54449715967708,16.26764488922817,0.24714088906109266,36.53200537285642,8443.509200735652,77.86426043104635,8.007452420434488,3,34.5742726024461
2024-11-26,64.33047786947907,67.45079073284258,14.642557054799953,0.7533308118588989,36.59867950581308,5359.454781021981,33.73294442142556,7.038932005320802,1,34.70472719733842
2024-04-14,56.570672692962745,73.67208319078632,16.014200689243573,0.7486249175391615,36.79062212155793,4618.735380077733,36.646350554193425,6.299382173627917,1,40.84774544670819
2024-12-15,53.288385881234994,72.94097384861615,14.158690632882706,0.34803697582073156,36.08637524953387,9189.30717521066,74.52641518499846,7.583457910345926,0,24.18936033528032
2024-08-09,54.30169198333425,77.39381566826039,12.086209602612069,0.34342248160375216,36.24648195927593,9478.451548542287,72.31022968320568,7.469232596165102,0,22.232724987860838
2024-01-14,55.442923544182655,73.0002050429176,14.98291076519818,0.9044972117448351,36.91762811101626,7280.499485552238,24.341165625190307,6.726328015249612,5,57.81240032411018
2024-02-18,65.76082535393218,71.25071278870323,13.88678286185208,0.5750512190834449,36.646893337519714,,50.6502884762548,7.248978115633239,2,34.06383697178498
2024-05-21,50.571272661221165,73.8047937568711,14.773255372284739,0.6787219006904511,36.395927729196146,5592.208277698894,37.11165687597888,7.673003597319059,0,32.158244974445395
2024-05-31,48.89425276291377,77.77229191406992,13.919596889925716,0.7947596985283953,36.59204155678659,5821.267935664814,25.542232287537733,6.9458332311893365,1,40.05211375554636
2024-04-17,61.75047205636346,74.1141882115291,14.696660762930028,0.7533151459593056,36.952373711265366,5892.372213866279,38.3402276793837,6.307218363138712,1,38.15153153776526
2024-11-21,60.912728305188864,70.18375871057987,14.86535973737218,0.8332200517852795,36.260950943622106,5552.514373672129,44.75316913051716,7.225557060768322,2,41.42541950136194
2024-12-16,56.863285535626304,72.14450389629269,13.321233600385892,0.4176338072763311,36.42265299603848,7362.874036914434,77.36897378425115,7.698610773095073,1,27.309424008714018
2024-04-11,60.93439090910182,74.51757029369848,15.588977372984385,0.7656692314233499,36.31780237206564,5444.633747791013,31.936912492970777,6.589736786060931,1,39.18923093687598
2024-03-23,63.8690376150386,66.12576388075612,13.12197754730907,0.3188857596668397,36.530969553508875,6832.3031363570335,87.94233545859854,6.913416460280856,0,20.178219015448313
2024-09-09,49.81057093591808,73.89351723531703,14.445731150376034,0.4844826674318991,36.731673353120385,6173.744548886678,65.8348311688707,7.141430195506546,1,33.20046491046752
2024-12-11,64.4068817926887,68.06881046902035,14.224363151143967,0.5595628987117622,36.67883783886197,8197.273767073348,60.766806501256525,7.045435828200287,3,38.36584313871392
2024-10-24,61.05310279329268,67.16386043433452,15.644199501958171,0.459521796881974,36.68177874253684,7080.137102044416,72.88666274959127,7.6154371620185985,0,25.53174579740001
2024-09-13,53.97066343419777,73.74549304870831,11.84504951958263,0.4120516914280255,36.36447461841534,7079.343049406041,72.34036229481151,,0,23.740240997261917
2024-08-19,55.60718793359701,75.41167161132503,14.224485256801076,0.6650357910185942,36.712424110233336,7305.8929165021555,55.381791447014336,6.6275972308904105,0,32.65235229090155
2024-08-05,50.04051388593228,77.05510429468994,11.494741209807572,0.28793304426392696,36.39926769306703,9805.944215007366,81.1864341628684,7.9877701373543335,0,20.089735873987937
2024-05-17,45.79978743800302,77.27452647899963,16.02888323263792,0.6157532751780215,36.68442691723754,7019.025482775767,59.686930249068006,6.696526725260998,3,48.353716440274795
2024-05-16,51.20690614961278,77.35599291586851,15.687755177390054,0.5283289463315871,36.58605351940309,5562.32663295728,66.52755358440363,7.6720374395682605,3,42.84073766213016
2024-04-19,54.712691460906896,75.51003179041288,error,0.7180867192066885,36.83162647050677,5933.478675625027,42.33272330005551,6.903472667539154,1,39.62910811642244
2024-08-06,49.08802247249493,78.84553046193193,12.776297542825835,0.3112448010168301,36.5377386388246,7691.945195723741,84.34047085820721,7.3106467015943215,1,28.243490621701543
2024-08-13,48.64043412087793,80.93771808525776,14.063246232250183,0.3786947758225511,36.43209348535248,6563.863004114456,65.58867416288487,7.864260717128449,1,30.522635789446923
2024-12-20,58.158856068399665,72.82968278257857,13.60256520442123,0.3843286618647196,36.57725378650178,6749.0074942061365,76.8839118085741,7.770487396059069,1,26.689230297528255
2024-09-06,56.82366617773509,75.35424359829283,14.242815110196254,0.6908352379428797,36.64826672773051,6481.742212177463,54.00363675224915,6.7948350507147985,2,40.546284579131154
2024-01-23,55.30423279346598,73.71619139830088,14.969919243759888,0.5563485502946554,36.71265956015236,5212.55865946965,46.843892993326264,6.951994881311997,0,30.495460521026214
2024-01-18,63.77971503421139,69.26424578360024,14.661450460698324,0.7369661072718618,36.848770355786336,5744.821375387378,42.60733442975597,6.599659884503627,2,39.815982931958615
2024-08-14,48.06078656943813,85.70643446222597,13.789067773570203,0.5403720143721051,36.681081555275235,6278.440799730205,50.04961885151965,7.283016091009223,0,31.66437815078736
2024-06-11,50.135612081100355,73.99978050945221,15.458365336832474,0.4637868068741463,36.58053172343368,8160.957402290549,57.50947259455963,7.83002463861369,4,44.53568270427434
2024-10-19,57.38014517565962,70.56831674033278,13.997556571205324,0.6325682332372198,36.52683102105811,,34.177544878069895,6.918748097129783,2,37.80560746824058
2024-03-21,59.909623942574214,63.76502035946107,13.055067849654916,0.27425075699342055,36.590577715308456,8216.508130706216,80.65092688833442,7.907164882000051,2,25.45842700135636
2024-08-31,61.85404463434986,76.1341865543927,14.60589672598731,0.7150313419372933,36.779934378684345,5959.752829691625,25.29880505299898,6.99962644148862,2,40.085378171488124
2024-11-15,62.83246016789146,63.38889632778896,16.29325103094591,0.5376518554390292,36.48486729869378,7393.50711182257,38.94033243757325,6.82150692149519,3,40.61380832378674
2024-05-18,58.67723942101222,82.0326235481567,11.94066792988321,0.5344427657858543,36.50655183545074,6800.078645338567,45.044270753235004,6.609653910876804,4,43.62736458668181
2024-04-01,49.77255622708443,67.26135133050857,15.020276802763798,0.5383381467973906,36.414553923470805,6516.730431082092,49.78879156983586,7.242603191725355,0,29.616476627277933
2024-12-10,64.41554024036452,,12.694888246189928,0.44449709664550596,36.193231965001054,7108.362070887484,60.678475246569114,7.147875305272384,3,
2024-01-15,58.25084804474119,73.63449314401235,14.914398915127713,0.7111792216671178,36.983256607085664,4907.248554115979,34.92960142802293,7.245733141752508,2,40.21071230723203
2024-05-27,54.01447457380439,80.32111569359188,14.663854606919056,0.7794533428946195,36.61747659640256,5966.122242364851,26.666325986527152,6.717303177340249,1,40.54862727534818
2024-01-26,60.165431992170866,70.1776938764456,13.37032118582345,0.4866332824386852,36.647209528437536,6883.934720905659,59.048009952108686,,0,25.209673049826804
2024-11-04,58.22285827164725,65.51750450922944,14.817613769136017,0.2700408646269591,97.93853455539848,8764.639899586338,96.29329087698547,7.308016879562724,1,25.670200049276914
2024-07-16,44.881165544422714,79.96140186395581,14.053577425290264,0.6881382548150611,36.820603902654085,5947.975617226993,33.15162789554582,6.808199130286522,2,43.67357357828727
2024-01-24,53.65508243588971,76.53110752786895,13.072679124583885,0.5261868306113938,36.52222154329393,5733.23714022703,55.02885599419646,7.500658797194905,1,31.088251339478813
2024-05-10,57.064607984179304,71.95491851567779,13.487836817708532,0.41338431702520767,36.53148417692361,6567.826977179215,72.24637610450507,7.493251030792128,1,27.81439351208512
2024-02-27,62.375353375441925,67.1766603871502,14.376543552640197,0.7792155583843151,36.55312014999266,4577.0589633622085,26.28595846512093,7.235350272145538,1,34.825268314488184
2024-05-13,,78.09640482515579,11.8718436456376,0.3891602589942417,36.83659574555221,7201.355817994002,57.65809548310281,8.042807247036029,2,29.579778844262492
2024-11-10,61.94239077807343,71.26519298808535,13.759355220437946,0.32155738746761137,36.56390539522222,8682.968562439766,67.52925917606841,7.9067605595954875,2,28.22384507149069
2024-10-26,61.730421820084885,72.44629203093568,14.709393574005036,0.45597891339729657,36.5613640986106,7121.4232430087595,62.91673074975582,6.906871524336987,1,30.60631232576085
2024-10-20,61.96285988662746,70.00762915075887,16.719093078456407,0.5105288083519514,36.756889792718944,7316.66898149703,44.365605211088436,7.233514583486303,1,33.10120915744105
2024-04-06,56.69585745421025,69.82216806691136,17.247777987452967,0.72139645854821,36.51510026798226,6541.395820986389,42.18015889248417,7.208867406826289,1,39.185433871753006
2024-05-26,46.9254559401741,83.14025481197939,16.26416446782238,0.7410397231972512,36.742642244411854,5161.963460452709,35.17394497097946,6.3399016155504375,1,44.75807027722114
2024-10-15,56.08414767232508,70.25643579494997,16.145876256324712,0.7204349350291502,36.925022670837244,5654.369495859451,37.039185909276206,6.171523971218569,3,48.228631052303754
2024-07-30,55.37776428963412,77.74318924100281,12.537613345494758,0.3455149045559872,36.42902334121561,8401.697945351038,82.88906296864866,7.381941893332336,1,26.87958919459279
2024-02-06,61.30841786458469,68.2972518049303,13.066267239819968,0.14743497893313232,36.90921296894823,9085.83734453273,86.40459556713157,7.65221616571473,1,20.005624820535022
2024-09-16,65.08816867444999,70.30263844717088,13.045179379419698,0.2943077024951872,36.65811710089397,7577.793885431175,92.36416308826011,8.020572486129801,1,21.634705585775553
2024-05-22,46.85096543413487,76.64635572288287,15.496083916794765,0.6360976493935252,36.63338181015187,5607.675694618232,36.16082866726603,6.523210444905987,1,40.10493073551977
2024-07-20,49.41271908395208,82.69228148800421,13.131954922004184,0.6525394186241509,36.9627444861774,6401.425543750549,47.27147004578194,7.077773261349444,1,36.66504106549098
2024-01-30,55.73977283692961,66.97297985017774,13.145178030888042,0.35882294625933214,36.47121023679823,8844.96587725735,76.30149571307523,,2,30.757576714248575
2024-08-20,54.840480300987025,72.67334895577717,13.147844119075879,0.747154579448444,36.762404222009,6510.907504587345,45.29258641755103,6.432432211362943,0,33.00023522459179
2024-01-10,54.97792011110201,71.73625504468913,17.185903692186706,0.7879260177599743,36.86127785574533,5719.082655408703,27.926310654120634,7.334680795172446,4,52.881280889264424
2024-12-23,50.478354877155304,72.08574106065743,12.73846570710373,0.3778944036975794,36.90137618725915,8202.481402471694,82.37310876176831,7.740021728708198,1,27.06004100797257
2024-01-25,56.44840460692815,73.10106887757537,13.960139916550837,0.5453760155211713,36.792151714937475,6952.624226007567,64.65792228920716,7.448467010882575,2,35.50861816243722
2024-05-20,45.5717476268009,76.99622790692146,15.765040898393854,0.63868941917795,36.71401140033714,7039.9371397850155,45.39390760175356,6.591184318026713,0,36.70127259716191
2024-03-12,60.332393778056506,63.83552159449094,11.917450126146893,0.41650609127116817,36.56514366378017,6610.567681421503,66.9606171068985,7.699957695592213,1,23.200167314947393
2024-08-26,56.643078631347784,77.66555904702385,14.771180314721402,0.8680239783069523,36.49973001883744,6437.727182307186,25.861071265114592,6.702726839295735,1,41.43533825839403
2024-12-30,-56.974111602389186,67.80654670823326,13.234991795644595,0.5701719359082162,36.4826940259141,7797.142888468178,55.69037197684789,6.809879867113677,0,52.46667530485983
2024-11-23,66.21264939414692,70.24507030174395,16.165309718704034,0.742229701603012,36.51093198964491,6343.2132290847385,31.753754707787223,5.960178505366517,2,42.92443374217074
2024-01-22,48.1348743247569,71.03010139916879,12.495497506789196,0.5531354628408653,36.68604338517567,6625.362592433121,55.2836102952857,7.120432576322408,2,35.93765024813783
2024-07-15,51.00732732418377,82.56516096064881,14.837535469758897,0.7307006737330055,36.85372197336555,6120.928080594368,25.265604712016966,6.572987480460866,2,45.182354089929134
2024-12-18,54.18622323092878,,14.497297886853065,0.28970888632908975,36.692565098450686,8727.855482910827,77.83801935992885,8.174366043667456,0,
2024-12-02,54.67772631883444,67.63714609013321,15.607840384702698,0.6744281658189508,97.6888166480635,5980.582410398502,39.40160120998723,6.95189335536369,0,32.73017694077281
2024-04-22,57.42161123781018,,14.554195849084284,0.4721886658504141,36.44244204713001,6626.781373768854,44.01658299480335,6.729875303282976,0,
2024-01-28,59.26298819888881,72.8848257603226,13.67104210150097,0.4062465227642264,36.19121341094754,7764.917984946739,68.83607523045866,7.425494681773015,0,23.742608120437684
2024-02-03,54.13617718411704,69.55089616569101,11.473960721480141,0.3063837696911509,36.5248090484955,8312.192693161101,80.54764092679379,7.715374657137641,0,18.779202415363027
2024-09-17,58.37415253086845,70.34784677531468,13.10295939679345,0.35423098523055563,97.82438371429888,7106.671584469915,83.6340211224272,7.314036901478911,0,21.94788459995458
2024-03-29,57.511409724079556,71.59678158999404,12.866174147630925,0.37390739876793194,36.428218555572236,7794.801160243518,79.99324806547642,,2,31.139084914180266
2024-06-21,48.078075731784836,81.6561572451357,10.74454504680007,0.3079639281571904,36.69828312369603,8491.24642305215,77.17894797247372,7.7791239282452915,3,33.23404612497602
2024-03-20,62.17324071773078,,12.954912865313807,0.2417799962131753,36.528235526360994,8717.926789260997,86.25522320086586,7.710839910880768,0,
2024-10-12,58.35549428193053,68.80139865171958,16.860112730514665,0.7992855134957962,36.17899282486234,5284.353789927443,20.98363995854472,6.410038141963118,3,49.44781592255094
2024-05-11,53.09405505406581,77.42372710773923,14.171956993707179,0.348240765811847,36.904573971233624,7074.889600840373,77.75680308558852,7.990767407638481,1,28.164249878750198
2024-06-25,44.90413447462915,79.10787099365226,14.136165371267316,0.38278070395407554,36.508103653018615,7498.421981979059,72.90950355972676,7.821013644247093,0,27.286906238824407
2024-02-10,60.91684681941219,71.15329996621385,10.923977725301153,0.2813980589896925,36.88475260865573,6675.62579119794,79.112202159867,7.808217304587268,0,16.15694184624117
2024-02-09,67.56962742177987,69.27456571352452,11.375711514059912,0.3624830330206582,36.47476139463214,6743.754347102873,64.25247764834873,7.837328596817014,0,16.500066511336463
2024-04-03,62.381988432573124,69.63488860266312,14.022733237075693,0.5833277616037003,36.76085896562262,6321.8387806920955,51.35318927499499,5.848395296813124,1,33.93988128059681
2024-07-02,50.00305638459603,82.07811108918621,16.10509532550623,0.5979225362772731,36.55479025780945,6512.079237439478,58.822731003019214,7.04529405966888,1,39.26881530887442
2024-07-04,48.71378072243296,78.57764557768867,14.036253893829603,0.7019906442504869,36.94189524921134,4979.057365178752,34.41465909643,6.487871246507175,1,39.54057064972115
2024-04-25,57.20384525282501,71.845718213207,11.768671889830589,0.49358253281726194,36.346452448042214,6781.320202744463,52.74437398945118,7.544378165182671,3,35.020675472478885
2024-09-10,58.50511301763515,75.69825507542923,13.3306199963683,0.43487592181713336,36.567867989546336,7103.074855671033,64.83051664425413,7.815506909773468,1,27.687770279817354
2024-05-29,50.25400135003794,78.29632256749103,13.917794283451212,0.7413134418086382,36.52152933324886,5922.237651343049,42.06200928243893,6.646058443982609,1,39.43553059303764
2024-09-25,57.12030026545217,71.78034641146243,12.977911742568462,0.35907100058974917,36.596357618009506,8055.5242175704925,70.81663972521096,7.352776195911383,1,26.330593941792703
2024-01-16,57.290502838248905,70.47928929108336,17.007182919236634,0.7684173890269466,36.37693784905106,5665.701929267233,33.516135190474024,6.198880553216051,1,42.02250980645149
2024-09-29,61.987742939415,67.74596649574485,13.45566316354159,0.4856379217581477,36.416543283929855,6496.807770074674,57.18236425338476,7.630014272827809,2,31.076059670108616
2024-10-29,61.178729844403485,71.40402332703009,11.20692316589075,0.3801305906566413,36.69820855484023,8891.431160550053,80.13556174907508,7.399699860520977,2,27.3856758687413
2024-02-14,63.481450066165735,68.04198448443877,12.992048708067946,0.5426506462011442,36.91449269584819,7382.963069885822,56.08970237776024,7.195567824218571,0,24.294065223872874
2024-03-26,52.86346068664852,69.56980236385107,12.878930442930658,0.33096337925232705,36.30508053238458,9101.053797023902,71.33539852874837,7.46112684971793,0,21.940001165907468
2024-06-28,49.314566182355414,87.64580697452966,error,0.49642923908124087,36.34129677370353,8668.957501207751,64.90344354923351,7.881200020558635,1,36.41698543169297
2024-08-11,47.27150825147761,79.77259056362927,12.475148429220054,0.39982621726680795,36.91682380184307,7846.087146169371,57.294256275646774,6.849515247137057,0,27.204618245748897
2024-11-17,,67.13540546736427,16.68485519037382,0.6710290906675336,36.67683876094074,5664.332676388799,46.2242753178207,7.760000457869951,1,36.123265537648315
2024-08-24,61.00077963965829,,14.021978985493266,0.868212388536154,37.012913944108185,6573.568255102979,35.24443788297026,6.66727522184057,1,
2024-05-06,50.92249942103473,77.61522804134148,14.464067965740954,0.3340785226022221,36.55218741046182,8026.006952806368,82.006448588015,6.783456087891455,1,31.429046588960308
2024-05-05,,79.30089619332722,12.726419813695575,0.2333846812657832,36.70479307775103,8211.189693226921,85.31536239425847,7.812614288359544,1,24.29844926352781
2024-03-04,,67.18618588930846,15.077685273937314,0.6317351390610306,36.73623124146784,6210.883999550048,40.94364748222022,6.938252626394429,3,43.0650513193469
2024-10-18,72.24630079123126,73.39894839866226,15.664079140221377,0.6583670873228304,36.722376391884254,5190.961062008622,36.53990488964009,6.697611034157348,3,42.21352489128657
2024-08-15,57.57989163137597,78.0562358745732,14.452036695923516,0.6431066896954514,36.7358612303968,7648.554618231843,56.25466329569573,7.111968963904946,1,35.48599607653918
2024-03-24,62.05754984213273,69.4078964204045,12.41999061232666,0.30158863855836404,36.62143141405177,7317.940112388757,76.90969270578152,7.071567807588199,0,19.56107178090151
2024-07-17,48.40874997279904,81.1072200478776,14.335982531359868,0.7509983355243152,98.02786702990245,7277.817622457631,36.369848576902534,6.746335142811113,3,48.86418130167186
2024-11-18,57.89541530921306,68.31089907509727,15.575578114955698,0.6119930111578841,36.53415582025473,5069.8179939272895,41.496095074762486,7.09208831106768,2,38.544487953741836
2024-11-07,67.65664718735073,72.63787000055574,10.288667236770966,0.3331905795015343,36.34498097357275,,75.3711851483007,8.018345793881188,1,18.6890724701772
2024-11-24,53.83294053310819,74.24506632998649,14.320258077993904,0.7746455376728586,36.72309613060319,5918.951099942365,38.55287015143037,6.826645061313307,1,38.71149214207374
2024-07-28,41.017909913597215,78.21721446522933,13.353712246399114,0.4167073045966485,36.32735637615072,9103.659823244621,72.2301945757196,7.163913370697426,2,37.08852101946738
2024-01-31,61.25176388589035,68.11375640306147,11.109648469253585,0.3168958724105749,36.51673410476913,7853.797438065056,76.73661443549558,8.02785886567633,3,28.00425905140842
2024-04-15,56.33425527576073,70.1140072164957,15.30620027663771,0.784274344132526,36.53696353952997,4983.300174224992,30.16378085919453,6.215603594593265,1,40.236204472476224
2024-04-23,54.36840313665271,74.84978413841904,12.216074663684047,0.583898996083129,36.83009256911714,6001.790956877154,61.933118699849494,7.695283592426372,1,30.241165535965656
2024-05-15,56.141740580374915,77.11423644061759,14.034648614564665,0.4803360157953088,36.81522582498411,8194.391769567641,54.566342081803924,7.0034874930627495,0,28.073470661730877
2024-08-16,54.679208139482995,77.79689972752422,13.708976365153877,0.5743766672382438,36.659640705035464,7297.549827727734,55.146437461599845,7.093755303400365,0,29.776957112252216
2024-08-01,50.68756489045858,77.2234212769588,13.267438219959923,0.25987179770533153,36.678956702723454,8597.87678841133,90.21349802812759,8.43365816732733,2,28.7400092258861
2024-04-27,61.37758217443357,71.17808998013419,14.824439756302658,0.3984066629302601,36.4817056336041,8208.883619773622,60.898931725765514,6.963767366477887,2,33.328604853596076
2024-09-02,54.09239828033269,78.22994062849939,14.226428830150695,0.7268900605283758,36.406156614530765,5729.556198079044,44.46505099023041,6.281841145416858,1,39.49316986130303
2024-11-06,63.58972876829927,61.49794091482761,13.371601830840687,0.2998451668522316,36.76141609974913,10202.986451127555,90.66994858453558,7.917381746181236,2,25.14163491118194
2024-12-07,62.29610225044064,71.12874832715237,13.132941407386248,0.5767448386196031,97.3748398981673,7199.790255045803,59.673415877191566,7.406676211753394,0,25.5110651399272
2024-07-06,45.40629512294374,80.46320516584294,12.676453214448728,0.6730904042243432,36.727093982214726,6550.316753193326,42.76921825456344,6.596782458586639,1,38.022267857183714
2024-02-08,64.87853803286455,76.22996072393403,12.396340818341383,0.3283817299723741,36.807519841318005,7190.940695662972,84.11335655911184,,0,20.8309922263692
2024-09-21,59.13080367981478,71.94706950087932,13.301579914370906,0.32675315121207266,36.59740110890716,7274.137789477437,70.72152573405847,8.227045915612484,0,19.76931159917519
2024-11-20,63.5097074590036,68.96751119126311,13.35297964598141,0.7294226748759708,36.59036375740807,7371.602127261429,37.252127162837844,6.430652538237483,1,34.34190782661935
2024-08-03,45.180314934079,86.75576788033878,12.73730954352804,0.32185851267574583,36.49465838349514,7517.911905815485,86.6443137933132,7.447014635375255,3,38.388609395239406
2024-06-10,44.30672612389427,87.25226743965537,15.305983971890067,0.5226419982461821,36.6729338556151,7528.056168989378,58.050321692261264,7.626888831973409,1,37.62939208992045
2024-08-21,46.58529036576316,79.57669454297944,13.99021375674012,0.6896937812239254,36.58604032880776,5814.841121471588,35.43881791640327,7.263068443673985,2,42.1774440694263
2024-02-21,56.974111602389186,70.10006666185099,17.03562204212107,0.7499182205067394,36.52928607973018,7320.807921073138,33.54060785417966,7.120776931431184,3,47.66267126235113
2024-04-28,51.21025174912649,76.21656859774117,12.598815341498447,0.32117126491222725,36.46568569828113,5865.378949500677,84.14182452647697,7.090868655064897,1,27.754701163835335
2024-03-27,64.70087380988004,66.67687271814971,13.267231057664192,0.4687234995175714,36.73084273554666,8880.390643736459,65.37735156557629,7.096699344277438,2,30.87677665899786
2024-11-28,64.0620163794742,67.14264571995146,15.971159137038534,0.7274043874558613,36.21250419123879,5296.283856209824,32.861611520955414,7.18402246928068,2,39.597777820956765
2024-10-14,58.20851176651034,70.57329063597517,13.446743011284232,0.8287193412141837,36.7861732319069,5603.943184693902,34.335278526675445,6.484528982872548,4,49.78650870247682
2024-12-13,59.51265789338478,71.01682932274353,14.866626885098015,0.3943293748731083,36.494895752628224,7928.973671280365,76.28727787277352,7.6613331187328155,2,32.14851412842658
2024-04-16,53.504781668290015,73.979091720906,14.974053553823678,0.7823456664709227,36.39768212911769,6295.016036458265,23.638367064476668,6.4053555775671756,2,44.66658522148072
2024-02-13,69.92983229865189,63.50660746114235,12.934479186424765,0.45216109865599763,36.58912438712592,6032.300676048222,63.92841917052585,,0,20.604671152774355
2024-06-08,47.96235708191936,83.37269771280081,13.22492420439826,0.5337282726043179,36.70741436978894,,56.53719910383677,7.813342928078252,1,33.232979506313825
2024-08-25,49.08575220605775,83.03287805765689,15.618643834055831,0.7846498926925809,36.56370802956551,5068.56547079712,18.96687996266135,6.883628114854381,2,47.1003055504901
2024-02-01,61.655393242284326,69.03188860029813,14.52168163885538,0.2973996328816518,36.60788950327272,8296.213558416057,88.92407262936396,7.4343415769580865,1,25.43218075358835
2024-12-09,59.67453986419237,74.82851095006106,16.61012349089998,0.44288453548144147,36.89197917597612,6905.640019334157,62.99628182076668,7.145586873185467,0,29.171293327679447
2024-03-17,62.92243510243013,62.80773138837038,error,0.30641007106149853,36.408447549228605,,85.60454957261351,7.525904078078648,0,21.933668376828987
2024-11-12,,70.0758108333315,11.618108732841874,0.4014274202360031,36.25335379837854,-6728.7235905358375,67.60871211611894,7.445179841298868,1,25.36634005655666
2024-07-24,46.58519835283781,76.06014594289773,15.359790815507703,0.6180232907107873,36.47588028380695,7987.721400316551,63.047440490147046,7.2692315648199575,0,33.877967063869136
2024-07-03,47.568697967411914,77.03281510967781,13.396306088225359,0.645463462154885,36.46554358197598,6567.0551110572005,42.44498810906739,7.350072843151159,1,35.6551000697695
2024-10-08,65.3190015318129,71.18887178362448,14.902200315491374,0.7841095064986596,36.71511821287103,5494.448257764566,34.056473697004755,7.198915165644443,3,43.761253759747774
2024-04-08,56.715311480043795,71.78447668120918,14.56569988767773,0.8594520537394856,36.570907458226074,4777.012651138693,32.90803010749857,6.178168572687037,3,49.0763173458673
2024-10-10,61.06416645782448,73.74032496626091,15.205159772412008,0.8460829884403175,36.469011437316034,5649.747581287624,19.817361214749326,6.604043599149184,3,48.098613428019334
2024-10-01,58.52374084690925,70.28436598108556,error,0.5245011688157877,36.38744938881943,6205.1354957268495,62.46790741850515,6.829709892102198,1,34.140624503966286
2024-12-28,48.52324184669774,73.05915014190614,14.070756658459361,0.5162206823217972,36.718937649143406,7606.543752927298,58.946882062146095,7.160505143026279,2,37.4388198070449
2024-11-08,64.02299548892766,64.47600922301785,14.817812217961073,0.3351063842744714,98.01336282003287,7709.9859490599665,78.73824061518938,7.633234191361042,3,32.79279100042366
2024-09-15,56.5331568838571,73.3234078940446,10.737600784501938,0.23633992943136573,36.674050364598195,8900.250602427917,76.68642890372251,7.582170815405035,1,20.865822721068223
2024-01-06,49.52372080909599,221.0,14.563304965661477,0.7216407149454791,36.59902188951675,6200.331052040482,46.69671120578622,7.2576094553353485,2,68.38315137453061
2024-08-22,57.90416610061646,79.19982998046873,15.752979664456515,0.724720263769308,36.367651448456726,5415.658567437657,25.638455029016537,6.796560066304065,2,43.63789954765943
2024-08-02,47.94625659574259,75.52307386672132,12.260597679400709,0.3627982003717468,36.536077241018916,7844.638471100617,81.83447829649172,8.367883727892298,1,25.931373634239268
2024-04-09,53.780836921210856,76.76702460559133,14.172253248670764,0.8112453709818347,36.93748003468663,5130.924048756554,30.362399603845144,6.4779290033624015,1,40.483673141851455
2024-12-12,60.60501360556353,70.83667187375472,11.89654449596913,0.44334374673894006,36.46292752357829,7097.996562476371,61.609175864137676,7.587900766824937,1,25.15649903657568
2024-06-23,57.720147410981596,82.87366873613611,11.153615075840774,0.35972255152097865,36.76553096493254,7423.279462692915,93.36526671228359,8.056283341133401,3,32.28915522060765
2024-06-15,44.02203110460907,86.7024199722104,13.99946162628238,0.3664253692889656,36.48815045752146,8925.291017792664,76.47072600199391,7.413541053057024,2,37.239605935204835
2024-05-16,51.20690614961278,77.35599291586851,15.687755177390054,0.5283289463315871,36.58605351940309,5562.32663295728,66.52755358440363,7.6720374395682605,3,42.84073766213016
2024-06-17,52.11203169191425,78.59960472665887,11.572215264725799,0.37804854923219183,36.57279943965325,8219.422399757706,75.62477180035779,7.982481768679755,0,21.826672816269376
2024-07-10,47.15470979235419,83.33431532633674,14.160814003373694,0.7461401615658677,36.66434792750678,5157.906373834121,23.719331156814167,7.111250581770143,1,40.413250760231534
2024-02-05,62.7624885085372,74.55856625300427,11.615671117898856,0.2862737431930791,36.745349975057444,8186.229143485694,72.94396746174667,8.317832069122154,1,20.239411218723937
2024-06-01,52.80385174905936,84.94735169425425,14.498653094378893,0.75084671232342,36.641910550333805,5607.118965402094,36.06656251370585,6.333119753179677,2,45.70599573233838
2024-11-03,60.43740514946064,,13.603125975061051,0.3504224565700797,36.64323825107547,7694.672801823208,93.85914560106146,7.648941500779414,1,
2024-06-12,45.3892542681013,81.3917927970527,14.67586839985998,0.46693328678977986,36.63615440852585,8387.502798645033,64.54455101087801,7.490026555119871,0,30.704122998837054
2024-12-25,53.83014125183424,74.61273343336599,12.622072367862625,0.44681302825086444,36.3819234380945,7285.623780694699,64.25887990913762,7.722158784722851,2,32.04386625945078
2024-02-25,58.58647719053882,67.93804245148064,13.937536564478187,0.7545840374364533,36.760178826290634,5606.754078522964,25.04615621318983,6.7114050756196955,2,39.88520977553536
2024-05-02,55.923293329141515,72.37040614370815,11.286852625891779,0.3188110759244416,36.60397561533728,8529.329694003429,81.07335628693745,7.796983434023466,1,22.719314950752857
2024-01-13,,71.9796912947818,14.560091523597066,0.7805717438285112,36.66355955383689,5430.771138821127,20.71342568250654,6.959329779121735,3,46.18537277623932
2024-12-27,52.34972418344072,75.83893613066732,15.037850521595052,0.4201641824268031,36.67068380454245,6708.636248977435,60.644212428944556,6.489081929474178,0,29.9105782649296
2024-03-06,58.22015031311595,72.88263692551524,15.186903444082697,0.6471869807082196,36.87928851286292,5938.381840977336,41.575879835624086,,1,35.697155669179125
2024-04-13,55.15298009102178,70.44917483621016,15.55165231367708,0.8134405528950224,36.42665348716531,5313.560454490471,26.50540965239149,6.626816234267509,2,44.554159200785165
2024-06-02,44.94149621589906,77.71591862637142,14.61951587979236,0.7701365403136656,36.61787686808978,4899.223531579338,34.58562761672515,6.475704619020972,2,46.3632874734063
2024-12-08,60.691008565392984,76.93707462541525,14.996765769924012,0.5289317030677309,36.484249218867824,-6781.320202744463,61.16794786827121,7.65851799626824,4,43.822341518654
2024-05-19,53.5540594776536,80.36405541437684,15.966125597687475,0.7172683247692335,36.73150145027219,7111.908659079802,45.899546851188774,7.076571498104657,0,36.31650936605218
2024-06-20,44.69268841297413,81.56071780258348,11.119470426108336,0.27094876807278667,36.55664032407786,8290.33315206275,80.31507221559467,7.753855120937445,1,25.76434340294491
2024-12-19,57.60850616178861,70.21390896168597,14.59975293943285,0.30091543763078,36.594422645398005,8311.218926731173,77.14336718305077,7.373564285957931,1,26.84077840228084
2024-10-13,57.70348890565583,67.50357315941099,15.591746855323388,0.7590447291567355,37.06342775260608,6907.270783931997,25.141806103519034,6.86392732962638,1,37.90540097932677
2024-11-01,62.67706377400414,65.56662797147993,13.56756812012309,0.2726933744940383,36.815890510821,-6567.0551110572005,78.4329726248082,8.246926922214305,1,21.06150582175479
2024-11-30,61.91724889101172,68.50005691052519,16.468344124881483,0.7206369451692062,36.18851465627494,5278.354142356649,34.90210787650069,6.581228289755876,2,42.151099516139084
2024-12-22,54.736975823027386,75.57621100657256,14.032063604648293,0.36814103085696415,36.67121979354549,9868.715911164105,70.56332739721793,7.046327711573273,2,33.7641656378379
2024-06-22,44.25401341532042,77.9882112752474,11.129361273696624,0.28562656437412515,36.5042126877396,8100.611692131767,67.3133154691713,7.227483753854483,0,22.68223176298229
2024-02-02,56.54047943255345,71.49364353927746,14.15813186613583,0.3282204894764765,36.727162584698895,8066.945331327247,77.2209682755458,8.12602193890841,0,21.62268331181579
2024-10-05,60.110988596715664,73.83131454846787,15.472156709883818,0.6825301374177373,36.43076079509621,5504.01941648369,39.09299290711224,7.531355730244345,3,43.36064299211292
2024-05-25,43.36983089814982,81.29698848164418,17.032374156695923,0.721017029591551,36.582058654306444,6076.249575435197,34.48289756281275,6.663288610657694,1,45.09528718119179
2024-11-09,55.8545700489224,65.71400374673738,10.558865765032326,0.37461596584185175,36.59207191493649,7982.591986006491,69.75560685471244,7.111555966667545,1,23.21393694836026
2024-07-13,,79.49571927083673,15.89585753445665,0.7853805316927311,36.48851286870434,5807.524080589236,22.781663955550965,6.997944164494784,4,53.28597773551035
2024-06-13,54.41276549227874,,12.293752941357196,0.3978108449487293,36.59529545717927,7258.207468988444,81.10228091384464,7.8129047832660135,1,
2024-10-31,68.14476353252282,70.81872217522361,12.658033503762807,0.3435050198775088,36.7268774653528,8354.168912754805,77.01132726691408,7.449885121130796,0,18.791318700339303
2024-11-27,58.56350097026795,68.30353144328444,16.215673257572675,0.7983109383512484,36.190246788481616,5287.950509076113,35.475735449351575,6.324090837577608,2,44.64425960553096
2024-01-11,51.60961179847142,74.4849400961099,17.00174361802476,0.8237204370234307,36.14137315553892,4306.321187270195,23.000575191286828,6.434406725676907,4,56.57415526904768
2024-12-26,55.08047340034592,76.39801588230766,12.299220649257062,0.4024183183949587,36.815780874408595,8914.864857172957,67.11523543564124,7.674638348393244,2,30.887087556207494
2024-04-05,65.3699799234025,72.59232634872443,14.425725235155983,0.694993219478522,36.082274192218925,7057.020868531904,45.05878167301255,7.52996995145241,1,32.87259646169976
2024-04-26,55.793370893219105,73.7722963775698,15.839308787000954,0.5104826702058336,36.71280976151563,7695.820338025005,65.29881388071823,7.647990120342503,3,41.07964831391877
2024-06-03,46.56221140463213,79.08141376553507,15.319010391416105,0.6406747776590018,36.36713378941085,7704.840060521764,37.37681781351903,6.53237663181649,0,36.447948440801945
2024-07-31,54.085983887574756,76.09299901163237,error,0.28595823392111974,36.58591087214896,8580.974480805735,77.13214454540655,8.190651849140067,2,32.39755397714163
2024-08-23,53.705985007981226,81.61716890197818,15.132051910785167,0.7221664579084373,36.27611453116214,5173.265339939089,33.14836000311257,6.763020451593615,1,40.21212534928371
2024-09-07,49.57346569995835,70.682112916249,15.208047660242416,0.5761935536613332,36.580964367370655,6299.092809525175,53.84460221642755,7.322855796814752,1,35.10066814948333
2024-02-26,62.61992809862025,67.65850556016541,16.084008076706443,0.7693147586596326,36.370736435360634,3698.7906091225464,28.639549237482854,6.109699849643586,1,39.35631282282846
2024-03-13,59.81404206096943,219.0,14.113216144665657,0.42372838372689403,36.68445265592454,7427.906969872689,71.65089091752922,6.930327566157237,1,55.93593876364404
2024-10-09,66.13032348249479,67.80161769972564,16.446958910453205,0.8004484599472114,36.8671895919596,7622.250296554845,31.58966674655978,6.610804612053419,2,42.60186565581763
2024-12-17,49.26925531749673,77.57217420281196,12.543689040228935,0.2798512380917569,36.5505804662141,9518.099233458768,81.85173749839036,7.0203521448851465,2,31.682800982042302
2024-04-06,56.69585745421025,69.82216806691136,17.247777987452967,0.72139645854821,36.51510026798226,6541.395820986389,42.18015889248417,7.208867406826289,1,39.185433871753006
2024-11-11,61.59755283784662,,12.831827363582635,0.35623157827913043,36.80222535444067,6374.781305825947,59.2021421925801,7.429928077040144,2,
2024-04-04,66.0175167609928,74.29850823154864,14.33439706765001,0.7265854032425572,36.7452070130886,6207.786391627677,48.64649908190177,6.761817090482367,1,35.240304447995285
2024-11-13,,69.80253722820429,14.170037901939317,0.5967238233332433,36.581708937994904,7216.6392371206075,64.0209098485496,7.394186158477645,1,32.65277289161193
2024-05-03,56.522867607441974,74.27212212190439,12.626577942020958,0.41833965638240495,36.677440966331126,8334.250114427716,92.02948981363079,7.577526760842638,1,27.144736686727093
2024-03-31,69.31379811575837,68.24815091790383,13.102316408535897,0.5274263238982682,36.463900018457025,6570.266741134456,58.63805956342242,7.166882449794866,2,30.95002799926917
2024-08-28,56.87656975838488,78.15683030932165,15.582547251497875,0.765650169851037,36.380002836579024,4099.476166140266,30.460558660677624,6.85473540340356,2,44.14528104531337
2024-04-07,58.87960482844402,70.94566220067581,14.020361343863488,0.7366832457601024,36.546650215179746,5985.446542059435,32.1706799306472,6.44181432873778,2,40.704849272865424
2024-07-19,47.67771233472965,80.60805898196445,error,0.680359647588132,36.80461737778096,6173.112855717042,34.547539049312235,6.8279384102349026,0,37.50608235235893
2024-03-14,55.54083042522198,67.11130098528292,13.368379558868895,0.34535389804670014,36.1188601158297,8453.483622047093,65.1552574206048,7.424039625505478,2,29.914135695153604
2024-02-20,63.20399378946297,71.22374469952419,14.738327802418713,0.8230963680261708,36.4923905284961,6218.2440040676765,46.03656698655661,7.090135892324785,2,41.03884995278572
2024-03-22,67.29326745858253,69.02685446860959,13.790306196180614,0.3569325967659775,36.62814894271407,8769.783718234787,83.89834093412892,,1,25.386364953815917
2024-07-29,43.18975545313491,83.13224061748474,13.777837920269343,0.40067304416887034,36.46914434394645,8241.075322650377,83.3989780753157,7.052673218763095,1,33.97082620990632
2024-01-20,59.629765223421664,72.24466383171661,15.214162038647912,0.6256631749620588,36.79927663368908,7102.692119908375,41.48441663855577,6.830806834915697,0,31.24939025322515
2024-03-11,,71.52489395857918,11.83928074535117,0.5299904718453371,36.89921126104079,7926.203606092271,56.42838685498913,7.279585628781724,0,24.85026693508772
2024-02-29,61.2997451286936,74.52710457246843,16.021467706088195,0.802394027795591,36.74922689813937,5947.796657855117,22.889028465573624,7.049711643582414,1,39.39535785267689
2024-01-07,62.24286173750017,73.0295187234496,13.451837322340323,0.7318654176436827,36.54528144134342,5512.277722441321,38.93544718905819,6.2351102920335935,3,43.95933801741306
2024-03-19,62.06987641536925,70.60453036582209,13.397723082834208,0.2870222108580001,36.82610664569701,9322.284150860383,79.39511628114721,7.021820837385818,2,28.862921037062414
2024-02-19,64.02728402615486,70.29725895279954,15.53096321950744,0.6919199706719429,98.3093229432026,6853.673657918462,48.214025704440175,7.227947744746522,0,30.794670686106027
2024-09-08,,70.7149467962959,14.562316906684554,0.5471084017001613,36.920821281653694,5903.350388705512,56.14160153189079,7.095901884852372,1,32.99088628935119
2024-09-14,49.74220705316588,68.10247336577531,12.84719277996736,0.3955614926013751,36.4992421322576,7522.42925303445,81.13448779505057,7.151121745960352,3,36.295272279015364
2024-06-04,-45.32069671212122,85.0307791649941,15.233942411932563,0.7190004607677125,36.6254154179503,6561.807228680872,41.04808690472301,6.765140829407023,1,62.67691805253674
2024-12-21,55.02417027423948,77.31739384358809,15.026852312872535,0.33970139594738463,37.14305904676396,7719.811201734982,87.10699902745938,7.556976252062592,0,25.61540160265746
2024-11-29,63.38955837051222,72.8727821443053,16.332815157280997,0.6894240064713739,36.472981659626676,4988.254073721738,36.106515899589134,6.863122066303076,3,45.193669232488276
2024-08-17,48.87056595640174,77.81973414838622,15.196829909773218,0.5350171323199912,36.71474230265864,5649.797370184389,49.06586300622065,7.5238231498750405,0,31.259838235681052
2024-04-10,60.83279439660482,69.18394077539564,15.724021162819033,0.7310489393885882,36.76536667428346,6177.3481485474285,18.27025331128478,7.1255302745156115,2,40.55593426782031
2024-06-29,52.30328109506526,79.5045535849277,13.491168884330426,0.41226903298294876,36.617573980020026,9756.785579449488,57.91342520328706,7.858605144666083,1,29.399066695395774
2024-09-01,57.41092758325843,75.84854047280723,14.754436803166048,0.6696632988008848,36.54881378993093,6852.607307635005,37.61030194633614,7.179292011695101,1,35.90192461119278
2024-02-15,57.60093572022823,70.5449168099822,12.824061864536018,0.5379452055602735,36.78945425164045,8271.178582304385,71.74959817881515,7.065100133368475,1,30.012843409038236
2024-07-12,51.71739985660735,81.36259422849741,14.958461283706818,0.7714832580685174,36.484314763265225,6521.219521331434,28.137247872589903,7.024824945636876,2,44.788488942464
2024-03-25,58.15545554503284,73.32013757445277,11.496635089641405,0.36111052999670684,36.515162058677966,7434.562092941429,75.4370455097112,7.232987632595757,0,20.758687968251575
2024-09-28,-66.0175167609928,71.7332032397858,12.343394649370206,0.42432912133911116,36.548088498005406,6964.809193191241,64.07072499556075,7.527783384221932,1,53.507702296255104
2024-08-29,50.29187888038017,75.92766881072836,16.115882199923533,0.7177725417365671,36.79996171723262,6207.714138793458,30.164057176093916,6.795298238486531,1,41.05920860220903
2024-06-27,50.10997309881896,76.54908992821142,13.155007552926111,0.39053266506835205,36.56410056683834,7577.001676649717,75.22606576644725,7.70910930261688,0,24.806764759751733
2024-08-27,50.89161842577165,77.92797654553463,16.41400671848143,0.8366331000229021,36.7410046844333,4661.224148168106,27.102189287281014,6.8764077498668215,2,47.873653409303365
2024-09-11,53.54811617397328,68.01270423899791,13.499018973949152,0.4494784953735045,36.40900906793673,7926.6975642021625,61.8106124579279,6.628137994792751,0,26.518092189805436
2024-07-25,52.29216883381356,76.70716027730776,13.484087993291705,0.4806373720842273,36.533808250207954,6055.121716032991,56.733458271320934,7.208633003232037,2,35.6860809323297
2024-01-08,53.07861756299132,71.76969581835058,15.588381452939647,0.7593116297385332,36.58229210003191,4879.781389562174,41.86111902790978,7.006052444984338,1,39.37906248807168
2024-02-04,59.53201520992566,72.43680488810601,12.84848812449607,0.2813535068124383,36.29807844677333,7582.2014223556125,75.10492335931917,,3,32.9716862317691
2024-11-22,63.802519136980294,64.24990201964701,14.947357370854345,0.7756327511432582,36.37250219149179,5825.791379497749,45.47432177247156,7.0267539341788,1,35.11378910318325
2024-11-16,63.91264012322711,70.53004414841664,14.119975779359928,0.6049376663950609,36.6782745936601,6280.730933358929,41.58460094810357,6.572540267345061,1,32.72976037251502
2024-03-10,57.63553462545656,69.01517153840376,12.326820085533772,0.5217342893337025,36.648657487409764,6750.931547026265,60.28323025268004,7.612659627270671,1,27.554613977184708
2024-03-09,61.71321291519094,68.77453862865521,15.371015373641814,0.5923375655349583,36.498384128701574,7973.252316530399,44.92812723658591,7.613453116524288,3,39.98198455189602
2024-08-08,53.30754900917016,73.66785860430412,13.335686288240852,0.4010232112522537,36.365034393502235,8998.824920503666,88.00221334751612,7.6228740281281,0,24.219087304633668
2024-01-05,51.12112913712437,78.51539600315263,14.212558326342155,0.704617566615861,36.44904242468833,7012.447547791912,34.55246685117435,6.252640684412399,2,43.79899052125486
2024-10-06,60.39626031302116,68.15211231550019,13.603471842626865,0.7088801960797817,36.94283547339578,,28.705296875207026,6.719716588415091,2,38.15894377042274
2024-07-07,45.68233795673378,80.42307642458816,15.557533595289991,0.7909364545133455,36.5798558139319,,32.7285120869948,6.959675238265796,1,43.258276645903585
2024-04-02,58.68612060952684,68.79728915668821,13.698032942174574,0.6125822840014105,36.82364415949246,7882.522751672279,58.5973111166063,7.225021063353487,0,27.73660767958546
2024-09-30,56.56943775833386,72.09369469553806,12.724583388039733,0.511418063280982,36.761264172944834,6200.0385065189275,52.849668314996634,6.755276649117435,0,26.540299780376337
2024-12-14,51.878048718648714,76.45367733503917,11.945091965511686,0.38290894083603566,36.60202760644869,6813.827147710269,83.27480929442066,7.727751874153141,0,22.63423545095333
2024-11-14,64.6079665123002,,14.06402714351287,0.501484802623434,36.93656992392145,6960.703470804749,59.53523865554561,7.144045621628424,0,
2024-01-17,63.19864496827287,76.80980984126911,16.156419017163827,0.7789181283246925,97.94987896577426,4975.226060573161,24.28956933077261,6.954859437984948,1,39.30308040364835
2024-01-09,59.061238247740356,74.59478423435935,15.750253130209176,0.7756119897053986,36.709380936660196,6134.008620480566,25.625199278102272,6.373124321654448,1,40.50028410342192
